RecNo,PointNo,Lon_ext,Lat_ext,alt,tmin1,tmax1,prec1,tmin2,tmax2,prec2,tmin3,tmax3,March precipitation,tmin4,tmax4,April precipitation,tmin5,tmax5,May precipitation,tmin6,tmax6,prec6,tmin7,tmax7,prec7,tmin8,tmax8,prec8,tmin9,tmax9,September precipitation,tmin10,tmax10,October precipitation,tmin11,tmax11,November precipitation,tmin12,tmax12,prec12,Annual mean temperature,Mean diurnal range,Isothermality,Temperature seasonality,Maximum temperature of warmest month,Minimun temperature of coldest month,Temperature Annual Range,Mean temperature of wettest quarter,Mean temperature of driest quarter,Mean temperature of warmest quarter,Mean temperature of coldest quarter,Annual precipitation,Precipitation of wettest month,Precipitation of driest month,Precipitation seasonality,Precipitation of wettest quarter,Precipitation of driest quarter,Precipitation of warmest quarter,Precipitation of coldest quarter,cov
1,1,-67.23329926,-33.08330154,465,18,34,58,17,32.2,49,14.8,29.6,39,9.4,24.3,16,5.7,20.1,9,2.9,16.3,6,1.6,17.1,8,3.6,19.4,6,6.7,23,11,10.5,26,28,14.6,30,34,16.8,32.4,54,17.75,15.23333333,47.01646091,611.592556,34,1.6,32.4,25.06666667,10.15,25.06666667,10.15,318,58,6,74.68717461,161,20,161,20,14
2,2,-67.1832962,-33.41669846,462,17.3,33.8,58,16.3,32,48,14.2,29.6,40,8.9,24.3,17,5.1,20,11,2.4,16.2,6,1.3,17.1,10,3,19.1,7,6.1,22.8,12,9.9,25.8,33,14.1,29.8,35,16.2,32.1,55,17.39166667,15.65,48.15384615,606.5844516,33.8,1.3,32.5,24.61666667,9.85,24.61666667,9.85,332,58,6,70.29562256,161,23,161,23,12
3,3,-67.23332977,-33.04999924,465,18,34,58,17,32.2,49,14.8,29.6,39,9.4,24.3,16,5.7,20.1,9,2.9,16.3,6,1.6,17.1,8,3.6,19.4,6,6.7,23,11,10.5,26,28,14.6,30,34,16.8,32.4,54,17.75,15.23333333,47.01646091,611.592556,34,1.6,32.4,25.06666667,10.15,25.06666667,10.15,318,58,6,74.68717461,161,20,161,20,14
4,4,-67.23332977,-33.04999924,465,18,34,58,17,32.2,49,14.8,29.6,39,9.4,24.3,16,5.7,20.1,9,2.9,16.3,6,1.6,17.1,8,3.6,19.4,6,6.7,23,11,10.5,26,28,14.6,30,34,16.8,32.4,54,17.75,15.23333333,47.01646091,611.592556,34,1.6,32.4,25.06666667,10.15,25.06666667,10.15,318,58,6,74.68717461,161,20,161,20,19
5,5,-68.80000305,-34.93330002,1312,11.3,28.3,32,10.4,27.8,33,8.1,24.4,31,3.1,19.9,21,0.1,15.5,16,-2.6,12,18,-2.8,12.1,23,-1.9,14.2,20,0.6,16.9,23,4.1,20.3,25,7.5,24.5,30,10,27,29,12.11666667,16.25,52.25080386,570.029239,28.3,-2.8,31.1,18.38333333,8,19.13333333,5.166666667,301,33,16,23.08779969,96,55,94,61,19
6,6,-68.63330078,-34.86669922,1273,11.6,28.5,37,10.7,28.1,36,8.4,24.6,34,3.1,20,21,0.2,15.6,14,-2.6,12.2,15,-2.7,12.4,19,-1.8,14.4,18,0.9,17.3,22,4.3,20.4,27,7.9,24.8,32,10.2,27.2,33,12.32083333,16.275,52.16346154,574.7626322,28.5,-2.7,31.2,18.65,5.85,19.38333333,5.316666667,308,37,14,32.98989473,107,48,106,52,19
7,7,-68.63330078,-34.86669922,1273,11.6,28.5,37,10.7,28.1,36,8.4,24.6,34,3.1,20,21,0.2,15.6,14,-2.6,12.2,15,-2.7,12.4,19,-1.8,14.4,18,0.9,17.3,22,4.3,20.4,27,7.9,24.8,32,10.2,27.2,33,12.32083333,16.275,52.16346154,574.7626322,28.5,-2.7,31.2,18.65,5.85,19.38333333,5.316666667,308,37,14,32.98989473,107,48,106,52,19
8,8,-67.91670227,-30.08329964,1290,16.8,32,47,15.3,31,43,12.5,27.6,27,7.2,23.2,8,3.7,19.4,3,0.4,16.3,2,-0.3,16.7,3,1.8,18.7,4,4.9,21.8,4,9,25,9,12.6,28.9,18,15.6,30.9,26,16.29166667,16,49.53560372,597.7831521,32,-0.3,32.3,22.53333333,9.366666667,23.6,8.933333333,194,47,2,99.5589264,117,8,116,9,12
9,9,-67.91670227,-30.08329964,1290,16.8,32,47,15.3,31,43,12.5,27.6,27,7.2,23.2,8,3.7,19.4,3,0.4,16.3,2,-0.3,16.7,3,1.8,18.7,4,4.9,21.8,4,9,25,9,12.6,28.9,18,15.6,30.9,26,16.29166667,16,49.53560372,597.7831521,32,-0.3,32.3,22.53333333,9.366666667,23.6,8.933333333,194,47,2,99.5589264,117,8,116,9,12
10,10,-67.91670227,-30.08329964,1290,16.8,32,47,15.3,31,43,12.5,27.6,27,7.2,23.2,8,3.7,19.4,3,0.4,16.3,2,-0.3,16.7,3,1.8,18.7,4,4.9,21.8,4,9,25,9,12.6,28.9,18,15.6,30.9,26,16.29166667,16,49.53560372,597.7831521,32,-0.3,32.3,22.53333333,9.366666667,23.6,8.933333333,194,47,2,99.5589264,117,8,116,9,12
11,11,-67.91670227,-30.08329964,1290,16.8,32,47,15.3,31,43,12.5,27.6,27,7.2,23.2,8,3.7,19.4,3,0.4,16.3,2,-0.3,16.7,3,1.8,18.7,4,4.9,21.8,4,9,25,9,12.6,28.9,18,15.6,30.9,26,16.29166667,16,49.53560372,597.7831521,32,-0.3,32.3,22.53333333,9.366666667,23.6,8.933333333,194,47,2,99.5589264,117,8,116,9,12
12,12,-67.19999695,-37.40000153,256,14.6,33,33,13.4,31.8,29,10.8,28.9,36,6,22.9,24,3.2,18.3,16,0.6,14,16,0,14.6,11,0.6,17.2,10,3.7,20.7,18,7.2,24.1,41,10.8,28.7,32,13.6,31.6,33,15.42916667,16.775,50.83333333,617.3641121,33,0,33,19.33333333,7.833333333,23,7.833333333,299,41,10,41.96927685,106,37,95,37,2
13,13,-67.19999695,-37.40000153,256,14.6,33,33,13.4,31.8,29,10.8,28.9,36,6,22.9,24,3.2,18.3,16,0.6,14,16,0,14.6,11,0.6,17.2,10,3.7,20.7,18,7.2,24.1,41,10.8,28.7,32,13.6,31.6,33,15.42916667,16.775,50.83333333,617.3641121,33,0,33,19.33333333,7.833333333,23,7.833333333,299,41,10,41.96927685,106,37,95,37,12
14,14,-67.19999695,-37.40000153,256,14.6,33,33,13.4,31.8,29,10.8,28.9,36,6,22.9,24,3.2,18.3,16,0.6,14,16,0,14.6,11,0.6,17.2,10,3.7,20.7,18,7.2,24.1,41,10.8,28.7,32,13.6,31.6,33,15.42916667,16.775,50.83333333,617.3641121,33,0,33,19.33333333,7.833333333,23,7.833333333,299,41,10,41.96927685,106,37,95,37,12
15,15,-67.19999695,-37.40000153,256,14.6,33,33,13.4,31.8,29,10.8,28.9,36,6,22.9,24,3.2,18.3,16,0.6,14,16,0,14.6,11,0.6,17.2,10,3.7,20.7,18,7.2,24.1,41,10.8,28.7,32,13.6,31.6,33,15.42916667,16.775,50.83333333,617.3641121,33,0,33,19.33333333,7.833333333,23,7.833333333,299,41,10,41.96927685,106,37,95,37,2
16,16,-68.88330078,-38.16659927,221,14.7,31.8,14,13.5,31.1,9,10.5,27.6,11,6.8,21.9,14,4,17.3,19,1.5,13.6,14,0.5,13.6,12,1.4,15.9,12,4,19,10,7.6,23.5,16,11.1,27.8,8,13.7,31,11,15.14166667,15.4,49.20127796,604.7269607,31.8,0.5,31.3,10.85,21.68333333,22.63333333,7.75,150,19,8,24.71657523,47,33,34,38,19
17,17,-67.19999695,-37.40000153,256,14.6,33,33,13.4,31.8,29,10.8,28.9,36,6,22.9,24,3.2,18.3,16,0.6,14,16,0,14.6,11,0.6,17.2,10,3.7,20.7,18,7.2,24.1,41,10.8,28.7,32,13.6,31.6,33,15.42916667,16.775,50.83333333,617.3641121,33,0,33,19.33333333,7.833333333,23,7.833333333,299,41,10,41.96927685,106,37,95,37,14
18,18,-67.19999695,-37.40000153,256,14.6,33,33,13.4,31.8,29,10.8,28.9,36,6,22.9,24,3.2,18.3,16,0.6,14,16,0,14.6,11,0.6,17.2,10,3.7,20.7,18,7.2,24.1,41,10.8,28.7,32,13.6,31.6,33,15.42916667,16.775,50.83333333,617.3641121,33,0,33,19.33333333,7.833333333,23,7.833333333,299,41,10,41.96927685,106,37,95,37,14
19,19,-68.88330078,-38.16659927,221,14.7,31.8,14,13.5,31.1,9,10.5,27.6,11,6.8,21.9,14,4,17.3,19,1.5,13.6,14,0.5,13.6,12,1.4,15.9,12,4,19,10,7.6,23.5,16,11.1,27.8,8,13.7,31,11,15.14166667,15.4,49.20127796,604.7269607,31.8,0.5,31.3,10.85,21.68333333,22.63333333,7.75,150,19,8,24.71657523,47,33,34,38,14
20,20,-67.91670227,-30.08329964,1290,16.8,32,47,15.3,31,43,12.5,27.6,27,7.2,23.2,8,3.7,19.4,3,0.4,16.3,2,-0.3,16.7,3,1.8,18.7,4,4.9,21.8,4,9,25,9,12.6,28.9,18,15.6,30.9,26,16.29166667,16,49.53560372,597.7831521,32,-0.3,32.3,22.53333333,9.366666667,23.6,8.933333333,194,47,2,99.5589264,117,8,116,9,14
21,21,-69.25099945,-35.72200012,1365,10.7,28.3,20,10,27.5,23,7.7,24.2,23,3.4,19.6,15,0.5,15.2,17,-2,11.4,22,-2.6,11,26,-1.7,13.5,21,0.3,16.3,16,3.7,20.2,16,7,24.2,17,9.5,27.1,18,11.875,16,51.77993528,565.9926919,28.3,-2.6,30.9,4.933333333,11.95,18.85,4.933333333,234,26,15,17.96536025,69,49,61,69,14
22,22,-69.25099945,-35.72200012,1365,10.7,28.3,20,10,27.5,23,7.7,24.2,23,3.4,19.6,15,0.5,15.2,17,-2,11.4,22,-2.6,11,26,-1.7,13.5,21,0.3,16.3,16,3.7,20.2,16,7,24.2,17,9.5,27.1,18,11.875,16,51.77993528,565.9926919,28.3,-2.6,30.9,4.933333333,11.95,18.85,4.933333333,234,26,15,17.96536025,69,49,61,69,14
23,23,-69.25099945,-35.72200012,1365,10.7,28.3,20,10,27.5,23,7.7,24.2,23,3.4,19.6,15,0.5,15.2,17,-2,11.4,22,-2.6,11,26,-1.7,13.5,21,0.3,16.3,16,3.7,20.2,16,7,24.2,17,9.5,27.1,18,11.875,16,51.77993528,565.9926919,28.3,-2.6,30.9,4.933333333,11.95,18.85,4.933333333,234,26,15,17.96536025,69,49,61,69,14
24,24,-69.46659851,-35.68330002,1461,10.1,27.7,19,9.5,26.9,23,7.3,23.6,22,3.2,19.3,15,0.3,14.8,21,-2.1,11,29,-2.8,10.5,33,-1.9,13,25,-0.1,15.8,18,3.3,19.6,16,6.4,23.6,18,9,26.4,18,11.43333333,15.83333333,51.91256831,554.737175,27.7,-2.8,30.5,4.616666667,11.43333333,18.26666667,4.616666667,257,33,15,25.14145387,87,52,60,87,14
25,25,-69.46659851,-35.68330002,1461,10.1,27.7,19,9.5,26.9,23,7.3,23.6,22,3.2,19.3,15,0.3,14.8,21,-2.1,11,29,-2.8,10.5,33,-1.9,13,25,-0.1,15.8,18,3.3,19.6,16,6.4,23.6,18,9,26.4,18,11.43333333,15.83333333,51.91256831,554.737175,27.7,-2.8,30.5,4.616666667,11.43333333,18.26666667,4.616666667,257,33,15,25.14145387,87,52,60,87,14
26,26,-69.46659851,-35.68330002,1461,10.1,27.7,19,9.5,26.9,23,7.3,23.6,22,3.2,19.3,15,0.3,14.8,21,-2.1,11,29,-2.8,10.5,33,-1.9,13,25,-0.1,15.8,18,3.3,19.6,16,6.4,23.6,18,9,26.4,18,11.43333333,15.83333333,51.91256831,554.737175,27.7,-2.8,30.5,4.616666667,11.43333333,18.26666667,4.616666667,257,33,15,25.14145387,87,52,60,87,14
27,27,-69.46659851,-35.68330002,1461,10.1,27.7,19,9.5,26.9,23,7.3,23.6,22,3.2,19.3,15,0.3,14.8,21,-2.1,11,29,-2.8,10.5,33,-1.9,13,25,-0.1,15.8,18,3.3,19.6,16,6.4,23.6,18,9,26.4,18,11.43333333,15.83333333,51.91256831,554.737175,27.7,-2.8,30.5,4.616666667,11.43333333,18.26666667,4.616666667,257,33,15,25.14145387,87,52,60,87,14
28,28,-69.46659851,-35.68330002,1461,10.1,27.7,19,9.5,26.9,23,7.3,23.6,22,3.2,19.3,15,0.3,14.8,21,-2.1,11,29,-2.8,10.5,33,-1.9,13,25,-0.1,15.8,18,3.3,19.6,16,6.4,23.6,18,9,26.4,18,11.43333333,15.83333333,51.91256831,554.737175,27.7,-2.8,30.5,4.616666667,11.43333333,18.26666667,4.616666667,257,33,15,25.14145387,87,52,60,87,14
29,29,-69.46659851,-35.68330002,1461,10.1,27.7,19,9.5,26.9,23,7.3,23.6,22,3.2,19.3,15,0.3,14.8,21,-2.1,11,29,-2.8,10.5,33,-1.9,13,25,-0.1,15.8,18,3.3,19.6,16,6.4,23.6,18,9,26.4,18,11.43333333,15.83333333,51.91256831,554.737175,27.7,-2.8,30.5,4.616666667,11.43333333,18.26666667,4.616666667,257,33,15,25.14145387,87,52,60,87,14
30,30,-69.46659851,-35.68330002,1461,10.1,27.7,19,9.5,26.9,23,7.3,23.6,22,3.2,19.3,15,0.3,14.8,21,-2.1,11,29,-2.8,10.5,33,-1.9,13,25,-0.1,15.8,18,3.3,19.6,16,6.4,23.6,18,9,26.4,18,11.43333333,15.83333333,51.91256831,554.737175,27.7,-2.8,30.5,4.616666667,11.43333333,18.26666667,4.616666667,257,33,15,25.14145387,87,52,60,87,14
31,31,-69.46659851,-35.68330002,1461,10.1,27.7,19,9.5,26.9,23,7.3,23.6,22,3.2,19.3,15,0.3,14.8,21,-2.1,11,29,-2.8,10.5,33,-1.9,13,25,-0.1,15.8,18,3.3,19.6,16,6.4,23.6,18,9,26.4,18,11.43333333,15.83333333,51.91256831,554.737175,27.7,-2.8,30.5,4.616666667,11.43333333,18.26666667,4.616666667,257,33,15,25.14145387,87,52,60,87,14
32,32,-69.46659851,-35.68330002,1461,10.1,27.7,19,9.5,26.9,23,7.3,23.6,22,3.2,19.3,15,0.3,14.8,21,-2.1,11,29,-2.8,10.5,33,-1.9,13,25,-0.1,15.8,18,3.3,19.6,16,6.4,23.6,18,9,26.4,18,11.43333333,15.83333333,51.91256831,554.737175,27.7,-2.8,30.5,4.616666667,11.43333333,18.26666667,4.616666667,257,33,15,25.14145387,87,52,60,87,14
33,33,-69.46659851,-35.68330002,1461,10.1,27.7,19,9.5,26.9,23,7.3,23.6,22,3.2,19.3,15,0.3,14.8,21,-2.1,11,29,-2.8,10.5,33,-1.9,13,25,-0.1,15.8,18,3.3,19.6,16,6.4,23.6,18,9,26.4,18,11.43333333,15.83333333,51.91256831,554.737175,27.7,-2.8,30.5,4.616666667,11.43333333,18.26666667,4.616666667,257,33,15,25.14145387,87,52,60,87,14
34,34,-69.46659851,-35.68330002,1461,10.1,27.7,19,9.5,26.9,23,7.3,23.6,22,3.2,19.3,15,0.3,14.8,21,-2.1,11,29,-2.8,10.5,33,-1.9,13,25,-0.1,15.8,18,3.3,19.6,16,6.4,23.6,18,9,26.4,18,11.43333333,15.83333333,51.91256831,554.737175,27.7,-2.8,30.5,4.616666667,11.43333333,18.26666667,4.616666667,257,33,15,25.14145387,87,52,60,87,14
35,35,-69.46659851,-35.68330002,1461,10.1,27.7,19,9.5,26.9,23,7.3,23.6,22,3.2,19.3,15,0.3,14.8,21,-2.1,11,29,-2.8,10.5,33,-1.9,13,25,-0.1,15.8,18,3.3,19.6,16,6.4,23.6,18,9,26.4,18,11.43333333,15.83333333,51.91256831,554.737175,27.7,-2.8,30.5,4.616666667,11.43333333,18.26666667,4.616666667,257,33,15,25.14145387,87,52,60,87,14
36,36,-69.46659851,-35.68330002,1461,10.1,27.7,19,9.5,26.9,23,7.3,23.6,22,3.2,19.3,15,0.3,14.8,21,-2.1,11,29,-2.8,10.5,33,-1.9,13,25,-0.1,15.8,18,3.3,19.6,16,6.4,23.6,18,9,26.4,18,11.43333333,15.83333333,51.91256831,554.737175,27.7,-2.8,30.5,4.616666667,11.43333333,18.26666667,4.616666667,257,33,15,25.14145387,87,52,60,87,14
37,37,-69.46659851,-35.68330002,1461,10.1,27.7,19,9.5,26.9,23,7.3,23.6,22,3.2,19.3,15,0.3,14.8,21,-2.1,11,29,-2.8,10.5,33,-1.9,13,25,-0.1,15.8,18,3.3,19.6,16,6.4,23.6,18,9,26.4,18,11.43333333,15.83333333,51.91256831,554.737175,27.7,-2.8,30.5,4.616666667,11.43333333,18.26666667,4.616666667,257,33,15,25.14145387,87,52,60,87,14
38,38,-69.46659851,-35.68330002,1461,10.1,27.7,19,9.5,26.9,23,7.3,23.6,22,3.2,19.3,15,0.3,14.8,21,-2.1,11,29,-2.8,10.5,33,-1.9,13,25,-0.1,15.8,18,3.3,19.6,16,6.4,23.6,18,9,26.4,18,11.43333333,15.83333333,51.91256831,554.737175,27.7,-2.8,30.5,4.616666667,11.43333333,18.26666667,4.616666667,257,33,15,25.14145387,87,52,60,87,14
39,39,-69.46659851,-35.68330002,1461,10.1,27.7,19,9.5,26.9,23,7.3,23.6,22,3.2,19.3,15,0.3,14.8,21,-2.1,11,29,-2.8,10.5,33,-1.9,13,25,-0.1,15.8,18,3.3,19.6,16,6.4,23.6,18,9,26.4,18,11.43333333,15.83333333,51.91256831,554.737175,27.7,-2.8,30.5,4.616666667,11.43333333,18.26666667,4.616666667,257,33,15,25.14145387,87,52,60,87,14
40,40,-68.19999695,-32.15000153,543,18.6,34,32,17.3,32.5,27,14.7,29.4,20,9.4,24.3,7,5.4,19.8,3,2.1,16.2,4,1.2,16.4,4,3.4,19.3,2,7,22.8,7,10.9,26.5,11,14.5,30.4,16,17.5,33.1,22,17.77916667,15.225,46.41768293,641.8561802,34,1.2,32.8,25.5,9.766666667,25.5,9.766666667,155,32,2,79.32836981,81,10,81,10,14
41,41,-68.19999695,-32.15000153,543,18.6,34,32,17.3,32.5,27,14.7,29.4,20,9.4,24.3,7,5.4,19.8,3,2.1,16.2,4,1.2,16.4,4,3.4,19.3,2,7,22.8,7,10.9,26.5,11,14.5,30.4,16,17.5,33.1,22,17.77916667,15.225,46.41768293,641.8561802,34,1.2,32.8,25.5,9.766666667,25.5,9.766666667,155,32,2,79.32836981,81,10,81,10,14
42,42,-67.28330231,-32.81669998,474,18.4,34,58,17.3,32.2,49,15.1,29.6,38,9.8,24.4,15,6,20.1,7,3.1,16.4,5,1.9,17.1,7,3.9,19.5,5,7.2,23.2,10,10.9,26.2,24,14.8,30.1,33,17.1,32.4,51,17.94583333,14.975,46.65109034,610.8952385,34,1.9,32.1,25.23333333,10.31666667,25.23333333,10.31666667,302,58,5,78.9961781,158,17,158,17,14
43,43,-67.28330231,-32.81669998,474,18.4,34,58,17.3,32.2,49,15.1,29.6,38,9.8,24.4,15,6,20.1,7,3.1,16.4,5,1.9,17.1,7,3.9,19.5,5,7.2,23.2,10,10.9,26.2,24,14.8,30.1,33,17.1,32.4,51,17.94583333,14.975,46.65109034,610.8952385,34,1.9,32.1,25.23333333,10.31666667,25.23333333,10.31666667,302,58,5,78.9961781,158,17,158,17,12
44,44,-67.28330231,-32.81669998,474,18.4,34,58,17.3,32.2,49,15.1,29.6,38,9.8,24.4,15,6,20.1,7,3.1,16.4,5,1.9,17.1,7,3.9,19.5,5,7.2,23.2,10,10.9,26.2,24,14.8,30.1,33,17.1,32.4,51,17.94583333,14.975,46.65109034,610.8952385,34,1.9,32.1,25.23333333,10.31666667,25.23333333,10.31666667,302,58,5,78.9961781,158,17,158,17,12
45,45,-67.28330231,-32.81669998,474,18.4,34,58,17.3,32.2,49,15.1,29.6,38,9.8,24.4,15,6,20.1,7,3.1,16.4,5,1.9,17.1,7,3.9,19.5,5,7.2,23.2,10,10.9,26.2,24,14.8,30.1,33,17.1,32.4,51,17.94583333,14.975,46.65109034,610.8952385,34,1.9,32.1,25.23333333,10.31666667,25.23333333,10.31666667,302,58,5,78.9961781,158,17,158,17,12
46,46,-67.28330231,-32.81669998,474,18.4,34,58,17.3,32.2,49,15.1,29.6,38,9.8,24.4,15,6,20.1,7,3.1,16.4,5,1.9,17.1,7,3.9,19.5,5,7.2,23.2,10,10.9,26.2,24,14.8,30.1,33,17.1,32.4,51,17.94583333,14.975,46.65109034,610.8952385,34,1.9,32.1,25.23333333,10.31666667,25.23333333,10.31666667,302,58,5,78.9961781,158,17,158,17,12
47,47,-69.10160065,-35.28329849,1343,10.9,28.2,23,10.2,27.6,27,8,24.2,26,3.3,19.8,18,0.4,15.5,17,-2.2,11.8,22,-2.6,11.6,27,-1.7,13.8,23,0.5,16.6,19,3.9,20.2,19,7.2,24.3,22,9.8,27,21,12.0125,16.075,52.19155844,562.82213,28.2,-2.6,30.8,18.18333333,8.1,18.95,5.116666667,264,27,17,15.50550664,76,57,71,72,12
48,48,-69.10160065,-35.28329849,1343,10.9,28.2,23,10.2,27.6,27,8,24.2,26,3.3,19.8,18,0.4,15.5,17,-2.2,11.8,22,-2.6,11.6,27,-1.7,13.8,23,0.5,16.6,19,3.9,20.2,19,7.2,24.3,22,9.8,27,21,12.0125,16.075,52.19155844,562.82213,28.2,-2.6,30.8,18.18333333,8.1,18.95,5.116666667,264,27,17,15.50550664,76,57,71,72,12
49,49,-69.10160065,-35.28329849,1343,10.9,28.2,23,10.2,27.6,27,8,24.2,26,3.3,19.8,18,0.4,15.5,17,-2.2,11.8,22,-2.6,11.6,27,-1.7,13.8,23,0.5,16.6,19,3.9,20.2,19,7.2,24.3,22,9.8,27,21,12.0125,16.075,52.19155844,562.82213,28.2,-2.6,30.8,18.18333333,8.1,18.95,5.116666667,264,27,17,15.50550664,76,57,71,72,12
50,50,-67.33329773,-33.26660156,476,17.5,33.9,54,16.5,32,45,14.4,29.7,37,9,24.2,15,5.2,20,10,2.5,16.1,6,1.2,17,10,3.2,19.2,7,6.2,22.9,11,10.1,25.9,30,14.3,29.9,32,16.4,32.2,50,17.47916667,15.54166667,47.52803262,612.1217137,33.9,1.2,32.7,24.75,9.866666667,24.75,9.866666667,307,54,6,69.83237115,149,23,149,23,12
51,51,-67.33329773,-33.26660156,476,17.5,33.9,54,16.5,32,45,14.4,29.7,37,9,24.2,15,5.2,20,10,2.5,16.1,6,1.2,17,10,3.2,19.2,7,6.2,22.9,11,10.1,25.9,30,14.3,29.9,32,16.4,32.2,50,17.47916667,15.54166667,47.52803262,612.1217137,33.9,1.2,32.7,24.75,9.866666667,24.75,9.866666667,307,54,6,69.83237115,149,23,149,23,12
52,52,-67.33329773,-33.26660156,476,17.5,33.9,54,16.5,32,45,14.4,29.7,37,9,24.2,15,5.2,20,10,2.5,16.1,6,1.2,17,10,3.2,19.2,7,6.2,22.9,11,10.1,25.9,30,14.3,29.9,32,16.4,32.2,50,17.47916667,15.54166667,47.52803262,612.1217137,33.9,1.2,32.7,24.75,9.866666667,24.75,9.866666667,307,54,6,69.83237115,149,23,149,23,12
53,53,-69.96659851,-35.79999924,2005,6.2,23.9,16,5.5,23.1,20,3.5,20.3,22,0.1,16.1,25,-2.1,11.5,62,-4.3,7.4,78,-4.6,7.2,76,-4.2,9.4,59,-3,12.1,36,-0.1,15.8,24,2.4,19.6,22,5.1,22.5,16,8.058333333,15.36666667,53.91812865,509.6158684,23.9,-4.6,28.5,2.516666667,14.38333333,14.38333333,1.816666667,456,78,16,62.64745889,216,52,52,213,12
54,54,-67.96659851,-34.03329849,588,15.8,32.6,47,14.9,31.5,41,12.6,28.6,35,6.7,23.2,16,3.4,18.9,10,0.6,15.1,6,0,16,9,1.4,18.1,9,4.6,21.5,16,8.3,24.4,29,12.5,28.8,30,14.5,30.9,43,16.0375,16.19166667,49.66768916,610.2686629,32.6,0,32.6,23.36666667,8.533333333,23.36666667,8.533333333,291,47,6,61.64600517,131,24,131,24,12
55,55,-69.96659851,-35.79999924,2005,6.2,23.9,16,5.5,23.1,20,3.5,20.3,22,0.1,16.1,25,-2.1,11.5,62,-4.3,7.4,78,-4.6,7.2,76,-4.2,9.4,59,-3,12.1,36,-0.1,15.8,24,2.4,19.6,22,5.1,22.5,16,8.058333333,15.36666667,53.91812865,509.6158684,23.9,-4.6,28.5,2.516666667,14.38333333,14.38333333,1.816666667,456,78,16,62.64745889,216,52,52,213,12
56,56,-69.96669769,-35.79999924,2005,6.2,23.9,16,5.5,23.1,20,3.5,20.3,22,0.1,16.1,25,-2.1,11.5,62,-4.3,7.4,78,-4.6,7.2,76,-4.2,9.4,59,-3,12.1,36,-0.1,15.8,24,2.4,19.6,22,5.1,22.5,16,8.058333333,15.36666667,53.91812865,509.6158684,23.9,-4.6,28.5,2.516666667,14.38333333,14.38333333,1.816666667,456,78,16,62.64745889,216,52,52,213,12
57,57,-69.96659851,-35.79999924,2005,6.2,23.9,16,5.5,23.1,20,3.5,20.3,22,0.1,16.1,25,-2.1,11.5,62,-4.3,7.4,78,-4.6,7.2,76,-4.2,9.4,59,-3,12.1,36,-0.1,15.8,24,2.4,19.6,22,5.1,22.5,16,8.058333333,15.36666667,53.91812865,509.6158684,23.9,-4.6,28.5,2.516666667,14.38333333,14.38333333,1.816666667,456,78,16,62.64745889,216,52,52,213,12
58,58,-69.96659851,-35.79999924,2005,6.2,23.9,16,5.5,23.1,20,3.5,20.3,22,0.1,16.1,25,-2.1,11.5,62,-4.3,7.4,78,-4.6,7.2,76,-4.2,9.4,59,-3,12.1,36,-0.1,15.8,24,2.4,19.6,22,5.1,22.5,16,8.058333333,15.36666667,53.91812865,509.6158684,23.9,-4.6,28.5,2.516666667,14.38333333,14.38333333,1.816666667,456,78,16,62.64745889,216,52,52,213,2
59,59,-69.96669769,-35.79999924,2005,6.2,23.9,16,5.5,23.1,20,3.5,20.3,22,0.1,16.1,25,-2.1,11.5,62,-4.3,7.4,78,-4.6,7.2,76,-4.2,9.4,59,-3,12.1,36,-0.1,15.8,24,2.4,19.6,22,5.1,22.5,16,8.058333333,15.36666667,53.91812865,509.6158684,23.9,-4.6,28.5,2.516666667,14.38333333,14.38333333,1.816666667,456,78,16,62.64745889,216,52,52,213,2
60,60,-68.66660309,-35.01660156,1336,11.2,28.3,34,10.4,27.8,34,8.1,24.4,32,2.9,19.8,20,0.1,15.4,14,-2.7,11.9,14,-2.9,11.9,19,-2.1,14.1,17,0.6,17,21,4,20.2,25,7.6,24.5,30,9.9,27,31,12.05833333,16.26666667,52.13675214,573.8578908,28.3,-2.9,31.2,18.36666667,5.616666667,19.1,5.033333333,291,34,14,31.65652044,100,47,99,50,2
61,61,-68.66660309,-35.01660156,1336,11.2,28.3,34,10.4,27.8,34,8.1,24.4,32,2.9,19.8,20,0.1,15.4,14,-2.7,11.9,14,-2.9,11.9,19,-2.1,14.1,17,0.6,17,21,4,20.2,25,7.6,24.5,30,9.9,27,31,12.05833333,16.26666667,52.13675214,573.8578908,28.3,-2.9,31.2,18.36666667,5.616666667,19.1,5.033333333,291,34,14,31.65652044,100,47,99,50,2
62,62,-68.66660309,-35.01660156,1336,11.2,28.3,34,10.4,27.8,34,8.1,24.4,32,2.9,19.8,20,0.1,15.4,14,-2.7,11.9,14,-2.9,11.9,19,-2.1,14.1,17,0.6,17,21,4,20.2,25,7.6,24.5,30,9.9,27,31,12.05833333,16.26666667,52.13675214,573.8578908,28.3,-2.9,31.2,18.36666667,5.616666667,19.1,5.033333333,291,34,14,31.65652044,100,47,99,50,2
63,63,-68.66660309,-35.01660156,1336,11.2,28.3,34,10.4,27.8,34,8.1,24.4,32,2.9,19.8,20,0.1,15.4,14,-2.7,11.9,14,-2.9,11.9,19,-2.1,14.1,17,0.6,17,21,4,20.2,25,7.6,24.5,30,9.9,27,31,12.05833333,16.26666667,52.13675214,573.8578908,28.3,-2.9,31.2,18.36666667,5.616666667,19.1,5.033333333,291,34,14,31.65652044,100,47,99,50,2
64,64,-68.66660309,-35.01660156,1336,11.2,28.3,34,10.4,27.8,34,8.1,24.4,32,2.9,19.8,20,0.1,15.4,14,-2.7,11.9,14,-2.9,11.9,19,-2.1,14.1,17,0.6,17,21,4,20.2,25,7.6,24.5,30,9.9,27,31,12.05833333,16.26666667,52.13675214,573.8578908,28.3,-2.9,31.2,18.36666667,5.616666667,19.1,5.033333333,291,34,14,31.65652044,100,47,99,50,2
65,65,-68.66660309,-35.01660156,1336,11.2,28.3,34,10.4,27.8,34,8.1,24.4,32,2.9,19.8,20,0.1,15.4,14,-2.7,11.9,14,-2.9,11.9,19,-2.1,14.1,17,0.6,17,21,4,20.2,25,7.6,24.5,30,9.9,27,31,12.05833333,16.26666667,52.13675214,573.8578908,28.3,-2.9,31.2,18.36666667,5.616666667,19.1,5.033333333,291,34,14,31.65652044,100,47,99,50,2
66,66,-68.66660309,-35.01660156,1336,11.2,28.3,34,10.4,27.8,34,8.1,24.4,32,2.9,19.8,20,0.1,15.4,14,-2.7,11.9,14,-2.9,11.9,19,-2.1,14.1,17,0.6,17,21,4,20.2,25,7.6,24.5,30,9.9,27,31,12.05833333,16.26666667,52.13675214,573.8578908,28.3,-2.9,31.2,18.36666667,5.616666667,19.1,5.033333333,291,34,14,31.65652044,100,47,99,50,2
67,67,-68.66660309,-35.01660156,1336,11.2,28.3,34,10.4,27.8,34,8.1,24.4,32,2.9,19.8,20,0.1,15.4,14,-2.7,11.9,14,-2.9,11.9,19,-2.1,14.1,17,0.6,17,21,4,20.2,25,7.6,24.5,30,9.9,27,31,12.05833333,16.26666667,52.13675214,573.8578908,28.3,-2.9,31.2,18.36666667,5.616666667,19.1,5.033333333,291,34,14,31.65652044,100,47,99,50,2
68,68,-68.66660309,-35.01660156,1336,11.2,28.3,34,10.4,27.8,34,8.1,24.4,32,2.9,19.8,20,0.1,15.4,14,-2.7,11.9,14,-2.9,11.9,19,-2.1,14.1,17,0.6,17,21,4,20.2,25,7.6,24.5,30,9.9,27,31,12.05833333,16.26666667,52.13675214,573.8578908,28.3,-2.9,31.2,18.36666667,5.616666667,19.1,5.033333333,291,34,14,31.65652044,100,47,99,50,14
69,69,-68.66660309,-35.01660156,1336,11.2,28.3,34,10.4,27.8,34,8.1,24.4,32,2.9,19.8,20,0.1,15.4,14,-2.7,11.9,14,-2.9,11.9,19,-2.1,14.1,17,0.6,17,21,4,20.2,25,7.6,24.5,30,9.9,27,31,12.05833333,16.26666667,52.13675214,573.8578908,28.3,-2.9,31.2,18.36666667,5.616666667,19.1,5.033333333,291,34,14,31.65652044,100,47,99,50,14
70,70,-68.66660309,-35.01660156,1336,11.2,28.3,34,10.4,27.8,34,8.1,24.4,32,2.9,19.8,20,0.1,15.4,14,-2.7,11.9,14,-2.9,11.9,19,-2.1,14.1,17,0.6,17,21,4,20.2,25,7.6,24.5,30,9.9,27,31,12.05833333,16.26666667,52.13675214,573.8578908,28.3,-2.9,31.2,18.36666667,5.616666667,19.1,5.033333333,291,34,14,31.65652044,100,47,99,50,14
71,71,-68.88330078,-38.16659927,221,14.7,31.8,14,13.5,31.1,9,10.5,27.6,11,6.8,21.9,14,4,17.3,19,1.5,13.6,14,0.5,13.6,12,1.4,15.9,12,4,19,10,7.6,23.5,16,11.1,27.8,8,13.7,31,11,15.14166667,15.4,49.20127796,604.7269607,31.8,0.5,31.3,10.85,21.68333333,22.63333333,7.75,150,19,8,24.71657523,47,33,34,38,14
72,72,-68.88330078,-38.16659927,221,14.7,31.8,14,13.5,31.1,9,10.5,27.6,11,6.8,21.9,14,4,17.3,19,1.5,13.6,14,0.5,13.6,12,1.4,15.9,12,4,19,10,7.6,23.5,16,11.1,27.8,8,13.7,31,11,15.14166667,15.4,49.20127796,604.7269607,31.8,0.5,31.3,10.85,21.68333333,22.63333333,7.75,150,19,8,24.71657523,47,33,34,38,14
73,73,-68.88330078,-38.16659927,221,14.7,31.8,14,13.5,31.1,9,10.5,27.6,11,6.8,21.9,14,4,17.3,19,1.5,13.6,14,0.5,13.6,12,1.4,15.9,12,4,19,10,7.6,23.5,16,11.1,27.8,8,13.7,31,11,15.14166667,15.4,49.20127796,604.7269607,31.8,0.5,31.3,10.85,21.68333333,22.63333333,7.75,150,19,8,24.71657523,47,33,34,38,14
74,74,-68.88330078,-38.16659927,221,14.7,31.8,14,13.5,31.1,9,10.5,27.6,11,6.8,21.9,14,4,17.3,19,1.5,13.6,14,0.5,13.6,12,1.4,15.9,12,4,19,10,7.6,23.5,16,11.1,27.8,8,13.7,31,11,15.14166667,15.4,49.20127796,604.7269607,31.8,0.5,31.3,10.85,21.68333333,22.63333333,7.75,150,19,8,24.71657523,47,33,34,38,14
75,75,-68.88330078,-38.16659927,221,14.7,31.8,14,13.5,31.1,9,10.5,27.6,11,6.8,21.9,14,4,17.3,19,1.5,13.6,14,0.5,13.6,12,1.4,15.9,12,4,19,10,7.6,23.5,16,11.1,27.8,8,13.7,31,11,15.14166667,15.4,49.20127796,604.7269607,31.8,0.5,31.3,10.85,21.68333333,22.63333333,7.75,150,19,8,24.71657523,47,33,34,38,14
76,76,-68.88330078,-38.16659927,221,14.7,31.8,14,13.5,31.1,9,10.5,27.6,11,6.8,21.9,14,4,17.3,19,1.5,13.6,14,0.5,13.6,12,1.4,15.9,12,4,19,10,7.6,23.5,16,11.1,27.8,8,13.7,31,11,15.14166667,15.4,49.20127796,604.7269607,31.8,0.5,31.3,10.85,21.68333333,22.63333333,7.75,150,19,8,24.71657523,47,33,34,38,14
77,77,-68.88330078,-38.16659927,221,14.7,31.8,14,13.5,31.1,9,10.5,27.6,11,6.8,21.9,14,4,17.3,19,1.5,13.6,14,0.5,13.6,12,1.4,15.9,12,4,19,10,7.6,23.5,16,11.1,27.8,8,13.7,31,11,15.14166667,15.4,49.20127796,604.7269607,31.8,0.5,31.3,10.85,21.68333333,22.63333333,7.75,150,19,8,24.71657523,47,33,34,38,14
78,78,-68.88330078,-38.16659927,221,14.7,31.8,14,13.5,31.1,9,10.5,27.6,11,6.8,21.9,14,4,17.3,19,1.5,13.6,14,0.5,13.6,12,1.4,15.9,12,4,19,10,7.6,23.5,16,11.1,27.8,8,13.7,31,11,15.14166667,15.4,49.20127796,604.7269607,31.8,0.5,31.3,10.85,21.68333333,22.63333333,7.75,150,19,8,24.71657523,47,33,34,38,14
79,79,-68.88330078,-38.16659927,221,14.7,31.8,14,13.5,31.1,9,10.5,27.6,11,6.8,21.9,14,4,17.3,19,1.5,13.6,14,0.5,13.6,12,1.4,15.9,12,4,19,10,7.6,23.5,16,11.1,27.8,8,13.7,31,11,15.14166667,15.4,49.20127796,604.7269607,31.8,0.5,31.3,10.85,21.68333333,22.63333333,7.75,150,19,8,24.71657523,47,33,34,38,14
80,80,-68.88330078,-38.16659927,221,14.7,31.8,14,13.5,31.1,9,10.5,27.6,11,6.8,21.9,14,4,17.3,19,1.5,13.6,14,0.5,13.6,12,1.4,15.9,12,4,19,10,7.6,23.5,16,11.1,27.8,8,13.7,31,11,15.14166667,15.4,49.20127796,604.7269607,31.8,0.5,31.3,10.85,21.68333333,22.63333333,7.75,150,19,8,24.71657523,47,33,34,38,14
81,81,-68.64689636,-43.23080063,521,10.7,26.2,9,9.8,25.8,14,7.6,22.5,13,4.2,17.4,16,1.6,12.2,25,-0.6,8.4,25,-1,8.6,20,-0.1,11.2,16,1.6,14.3,14,4.1,18.3,13,7,21.8,10,9.7,24.6,9,11.07916667,13.05833333,48.00857843,544.0565576,26.2,-1,27.2,4.866666667,16.66666667,17.8,4.416666667,184,25,9,35.86507338,70,28,32,61,14
82,82,-68.64689636,-43.23080063,521,10.7,26.2,9,9.8,25.8,14,7.6,22.5,13,4.2,17.4,16,1.6,12.2,25,-0.6,8.4,25,-1,8.6,20,-0.1,11.2,16,1.6,14.3,14,4.1,18.3,13,7,21.8,10,9.7,24.6,9,11.07916667,13.05833333,48.00857843,544.0565576,26.2,-1,27.2,4.866666667,16.66666667,17.8,4.416666667,184,25,9,35.86507338,70,28,32,61,14
83,83,-68.64689636,-43.23080063,521,10.7,26.2,9,9.8,25.8,14,7.6,22.5,13,4.2,17.4,16,1.6,12.2,25,-0.6,8.4,25,-1,8.6,20,-0.1,11.2,16,1.6,14.3,14,4.1,18.3,13,7,21.8,10,9.7,24.6,9,11.07916667,13.05833333,48.00857843,544.0565576,26.2,-1,27.2,4.866666667,16.66666667,17.8,4.416666667,184,25,9,35.86507338,70,28,32,61,14
84,84,-68.64689636,-43.23080063,521,10.7,26.2,9,9.8,25.8,14,7.6,22.5,13,4.2,17.4,16,1.6,12.2,25,-0.6,8.4,25,-1,8.6,20,-0.1,11.2,16,1.6,14.3,14,4.1,18.3,13,7,21.8,10,9.7,24.6,9,11.07916667,13.05833333,48.00857843,544.0565576,26.2,-1,27.2,4.866666667,16.66666667,17.8,4.416666667,184,25,9,35.86507338,70,28,32,61,12
85,85,-68.64689636,-43.23080063,521,10.7,26.2,9,9.8,25.8,14,7.6,22.5,13,4.2,17.4,16,1.6,12.2,25,-0.6,8.4,25,-1,8.6,20,-0.1,11.2,16,1.6,14.3,14,4.1,18.3,13,7,21.8,10,9.7,24.6,9,11.07916667,13.05833333,48.00857843,544.0565576,26.2,-1,27.2,4.866666667,16.66666667,17.8,4.416666667,184,25,9,35.86507338,70,28,32,61,12
86,86,-68.64689636,-43.23080063,521,10.7,26.2,9,9.8,25.8,14,7.6,22.5,13,4.2,17.4,16,1.6,12.2,25,-0.6,8.4,25,-1,8.6,20,-0.1,11.2,16,1.6,14.3,14,4.1,18.3,13,7,21.8,10,9.7,24.6,9,11.07916667,13.05833333,48.00857843,544.0565576,26.2,-1,27.2,4.866666667,16.66666667,17.8,4.416666667,184,25,9,35.86507338,70,28,32,61,12
87,87,-68.64689636,-43.23080063,521,10.7,26.2,9,9.8,25.8,14,7.6,22.5,13,4.2,17.4,16,1.6,12.2,25,-0.6,8.4,25,-1,8.6,20,-0.1,11.2,16,1.6,14.3,14,4.1,18.3,13,7,21.8,10,9.7,24.6,9,11.07916667,13.05833333,48.00857843,544.0565576,26.2,-1,27.2,4.866666667,16.66666667,17.8,4.416666667,184,25,9,35.86507338,70,28,32,61,12
88,88,-68.64689636,-43.23080063,521,10.7,26.2,9,9.8,25.8,14,7.6,22.5,13,4.2,17.4,16,1.6,12.2,25,-0.6,8.4,25,-1,8.6,20,-0.1,11.2,16,1.6,14.3,14,4.1,18.3,13,7,21.8,10,9.7,24.6,9,11.07916667,13.05833333,48.00857843,544.0565576,26.2,-1,27.2,4.866666667,16.66666667,17.8,4.416666667,184,25,9,35.86507338,70,28,32,61,12
89,89,-68.64689636,-43.23080063,521,10.7,26.2,9,9.8,25.8,14,7.6,22.5,13,4.2,17.4,16,1.6,12.2,25,-0.6,8.4,25,-1,8.6,20,-0.1,11.2,16,1.6,14.3,14,4.1,18.3,13,7,21.8,10,9.7,24.6,9,11.07916667,13.05833333,48.00857843,544.0565576,26.2,-1,27.2,4.866666667,16.66666667,17.8,4.416666667,184,25,9,35.86507338,70,28,32,61,18
90,90,-68.3891983,-43.89310074,323,11.8,26.4,10,10.9,26,12,8.8,22.7,12,5.6,17.9,17,2.7,12.9,26,0.5,9.4,25,0.2,9.4,21,1,11.9,16,2.9,15.1,15,5.4,18.9,12,8.1,22.2,10,10.8,25,9,11.9375,12.425,47.42366412,530.720458,26.4,0.2,26.2,5.85,17.38333333,18.48333333,5.4,185,26,9,37.76757253,72,29,31,62,16
91,91,-68.3891983,-43.89310074,323,11.8,26.4,10,10.9,26,12,8.8,22.7,12,5.6,17.9,17,2.7,12.9,26,0.5,9.4,25,0.2,9.4,21,1,11.9,16,2.9,15.1,15,5.4,18.9,12,8.1,22.2,10,10.8,25,9,11.9375,12.425,47.42366412,530.720458,26.4,0.2,26.2,5.85,17.38333333,18.48333333,5.4,185,26,9,37.76757253,72,29,31,62,19
92,92,-68.3891983,-43.89310074,323,11.8,26.4,10,10.9,26,12,8.8,22.7,12,5.6,17.9,17,2.7,12.9,26,0.5,9.4,25,0.2,9.4,21,1,11.9,16,2.9,15.1,15,5.4,18.9,12,8.1,22.2,10,10.8,25,9,11.9375,12.425,47.42366412,530.720458,26.4,0.2,26.2,5.85,17.38333333,18.48333333,5.4,185,26,9,37.76757253,72,29,31,62,19
93,93,-68.3891983,-43.89310074,323,11.8,26.4,10,10.9,26,12,8.8,22.7,12,5.6,17.9,17,2.7,12.9,26,0.5,9.4,25,0.2,9.4,21,1,11.9,16,2.9,15.1,15,5.4,18.9,12,8.1,22.2,10,10.8,25,9,11.9375,12.425,47.42366412,530.720458,26.4,0.2,26.2,5.85,17.38333333,18.48333333,5.4,185,26,9,37.76757253,72,29,31,62,19
94,94,-68.3891983,-43.89310074,323,11.8,26.4,10,10.9,26,12,8.8,22.7,12,5.6,17.9,17,2.7,12.9,26,0.5,9.4,25,0.2,9.4,21,1,11.9,16,2.9,15.1,15,5.4,18.9,12,8.1,22.2,10,10.8,25,9,11.9375,12.425,47.42366412,530.720458,26.4,0.2,26.2,5.85,17.38333333,18.48333333,5.4,185,26,9,37.76757253,72,29,31,62,19
95,95,-68.3891983,-43.89310074,323,11.8,26.4,10,10.9,26,12,8.8,22.7,12,5.6,17.9,17,2.7,12.9,26,0.5,9.4,25,0.2,9.4,21,1,11.9,16,2.9,15.1,15,5.4,18.9,12,8.1,22.2,10,10.8,25,9,11.9375,12.425,47.42366412,530.720458,26.4,0.2,26.2,5.85,17.38333333,18.48333333,5.4,185,26,9,37.76757253,72,29,31,62,19
96,96,-68.3891983,-43.89310074,323,11.8,26.4,10,10.9,26,12,8.8,22.7,12,5.6,17.9,17,2.7,12.9,26,0.5,9.4,25,0.2,9.4,21,1,11.9,16,2.9,15.1,15,5.4,18.9,12,8.1,22.2,10,10.8,25,9,11.9375,12.425,47.42366412,530.720458,26.4,0.2,26.2,5.85,17.38333333,18.48333333,5.4,185,26,9,37.76757253,72,29,31,62,19
97,97,-66.46219635,-43.70280075,216,12.5,26.6,11,12,26.3,14,9.8,23.3,17,6.2,18.4,16,3.6,13.9,22,0.8,10.4,24,0.5,10.4,16,1.7,13,12,3.4,15.5,11,6,19.5,11,9.1,23.2,11,11.6,25,13,12.6125,12.35833333,47.34993614,526.0838379,26.6,0.5,26.1,8.883333333,12.78333333,19,6.133333333,178,24,11,29.71209593,62,33,38,52,19
98,98,-66.43250275,-43.68000031,186,12.6,26.7,11,12.2,26.5,14,9.9,23.4,17,6.4,18.6,16,3.8,14,22,1,10.5,24,0.7,10.5,16,1.8,13.1,12,3.5,15.7,11,6.2,19.7,11,9.3,23.3,11,11.7,25.1,13,12.75833333,12.33333333,47.43589744,525.6720086,26.7,0.7,26,9.05,12.95,19.13333333,6.266666667,178,24,11,29.71209593,62,33,38,52,15
99,99,-66.46219635,-43.70280075,216,12.5,26.6,11,12,26.3,14,9.8,23.3,17,6.2,18.4,16,3.6,13.9,22,0.8,10.4,24,0.5,10.4,16,1.7,13,12,3.4,15.5,11,6,19.5,11,9.1,23.2,11,11.6,25,13,12.6125,12.35833333,47.34993614,526.0838379,26.6,0.5,26.1,8.883333333,12.78333333,19,6.133333333,178,24,11,29.71209593,62,33,38,52,15
100,100,-66.46219635,-43.70280075,216,12.5,26.6,11,12,26.3,14,9.8,23.3,17,6.2,18.4,16,3.6,13.9,22,0.8,10.4,24,0.5,10.4,16,1.7,13,12,3.4,15.5,11,6,19.5,11,9.1,23.2,11,11.6,25,13,12.6125,12.35833333,47.34993614,526.0838379,26.6,0.5,26.1,8.883333333,12.78333333,19,6.133333333,178,24,11,29.71209593,62,33,38,52,20
101,101,-64.19999695,-31.41659927,415,16.5,31,117,15.9,29.9,101,14.6,27.8,102,10.4,23.7,46,7,20.7,23,3.9,17.7,12,3.6,18.2,11,4.8,20.7,11,7.4,22.7,32,10.7,24.8,76,13.6,28,97,15.7,29.8,121,17.4625,14.24166667,51.97688564,477.63682,31,3.6,27.4,23.13333333,11.48333333,23.13333333,11.48333333,749,121,11,70.70703994,339,34,339,34,12
102,102,-59.83330154,-37.81669998,186,13.3,29.6,71,13,28.1,77,11.6,24.9,102,7.2,18.9,62,4.5,15.6,66,2.7,11.8,40,2.3,12.1,53,2.4,14.1,35,3.8,16.2,59,6,19.3,63,9,23.4,74,10.7,26.5,72,13.625,12.83333333,47.00854701,522.2090316,29.6,2.3,27.3,20.08333333,7.566666667,20.2,7.566666667,774,102,35,27.23728606,250,128,220,128,12
103,103,-66.2638855,-27.83416748,734,19.4,33.9,83,18.6,32.2,70,16.5,29.9,65,11.3,25.7,23,7.4,22.1,16,3.9,18.4,9,2.9,19.4,10,5.4,22.6,9,9,25.9,9,12.9,28.8,23,16.5,31.9,36,18.6,33.6,47,19.45,15.16666667,48.92473118,575.6616746,33.9,2.9,31,25.08333333,12.1,26.05,12.1,400,83,9,80.10447723,218,28,200,28,14
104,104,-66.2638855,-27.83416748,734,19.4,33.9,83,18.6,32.2,70,16.5,29.9,65,11.3,25.7,23,7.4,22.1,16,3.9,18.4,9,2.9,19.4,10,5.4,22.6,9,9,25.9,9,12.9,28.8,23,16.5,31.9,36,18.6,33.6,47,19.45,15.16666667,48.92473118,575.6616746,33.9,2.9,31,25.08333333,12.1,26.05,12.1,400,83,9,80.10447723,218,28,200,28,14
105,105,-66.2638855,-27.83416748,734,19.4,33.9,83,18.6,32.2,70,16.5,29.9,65,11.3,25.7,23,7.4,22.1,16,3.9,18.4,9,2.9,19.4,10,5.4,22.6,9,9,25.9,9,12.9,28.8,23,16.5,31.9,36,18.6,33.6,47,19.45,15.16666667,48.92473118,575.6616746,33.9,2.9,31,25.08333333,12.1,26.05,12.1,400,83,9,80.10447723,218,28,200,28,14
106,106,-66.2638855,-27.83416748,734,19.4,33.9,83,18.6,32.2,70,16.5,29.9,65,11.3,25.7,23,7.4,22.1,16,3.9,18.4,9,2.9,19.4,10,5.4,22.6,9,9,25.9,9,12.9,28.8,23,16.5,31.9,36,18.6,33.6,47,19.45,15.16666667,48.92473118,575.6616746,33.9,2.9,31,25.08333333,12.1,26.05,12.1,400,83,9,80.10447723,218,28,200,28,12
107,107,-66.2638855,-27.83416748,734,19.4,33.9,83,18.6,32.2,70,16.5,29.9,65,11.3,25.7,23,7.4,22.1,16,3.9,18.4,9,2.9,19.4,10,5.4,22.6,9,9,25.9,9,12.9,28.8,23,16.5,31.9,36,18.6,33.6,47,19.45,15.16666667,48.92473118,575.6616746,33.9,2.9,31,25.08333333,12.1,26.05,12.1,400,83,9,80.10447723,218,28,200,28,12
108,108,-66.2638855,-27.83416748,734,19.4,33.9,83,18.6,32.2,70,16.5,29.9,65,11.3,25.7,23,7.4,22.1,16,3.9,18.4,9,2.9,19.4,10,5.4,22.6,9,9,25.9,9,12.9,28.8,23,16.5,31.9,36,18.6,33.6,47,19.45,15.16666667,48.92473118,575.6616746,33.9,2.9,31,25.08333333,12.1,26.05,12.1,400,83,9,80.10447723,218,28,200,28,12
109,109,-66.2638855,-27.83416748,734,19.4,33.9,83,18.6,32.2,70,16.5,29.9,65,11.3,25.7,23,7.4,22.1,16,3.9,18.4,9,2.9,19.4,10,5.4,22.6,9,9,25.9,9,12.9,28.8,23,16.5,31.9,36,18.6,33.6,47,19.45,15.16666667,48.92473118,575.6616746,33.9,2.9,31,25.08333333,12.1,26.05,12.1,400,83,9,80.10447723,218,28,200,28,12
110,110,-65.52038574,-30.04538918,187,21,34.7,83,20,33.2,71,18,30.3,58,14.2,26.9,24,10.7,23.2,13,7.1,19.6,4,5.8,20.1,5,7.7,23.3,6,11.3,26,12,15.4,29.6,26,18.1,32.2,53,20.5,34.4,72,20.97083333,13.64166667,47.20299885,543.5341351,34.7,5.8,28.9,27.3,13.93333333,27.3,13.93333333,427,83,4,83.60324749,226,15,226,15,12
111,111,-65.52038574,-30.04538918,187,21,34.7,83,20,33.2,71,18,30.3,58,14.2,26.9,24,10.7,23.2,13,7.1,19.6,4,5.8,20.1,5,7.7,23.3,6,11.3,26,12,15.4,29.6,26,18.1,32.2,53,20.5,34.4,72,20.97083333,13.64166667,47.20299885,543.5341351,34.7,5.8,28.9,27.3,13.93333333,27.3,13.93333333,427,83,4,83.60324749,226,15,226,15,12
112,112,-63.59075928,-32.70000076,225,17.2,30.7,108,16.1,29.6,84,14.7,27.3,100,9.8,22.9,64,7.4,20.1,28,4.9,15.9,15,3.8,16.6,16,4.8,18.8,17,7,21.3,36,10.6,23.8,89,13.9,27.1,107,15.7,29.2,123,17.05,13.11666667,48.76084263,501.302848,30.7,3.8,26.9,22.3,10.8,23.08333333,10.8,787,123,15,62.61708676,338,48,315,48,12
113,113,-67.15555573,-38.15277863,309,13.9,32,25,12.6,30.8,22,9.9,28,29,5.4,22.1,19,2.9,17.3,15,0.1,13,17,-0.3,13.7,12,0.4,16.5,11,3.4,19.8,18,6.7,23.5,36,10.2,27.9,28,13.2,30.6,25,14.73333333,16.4,50.77399381,608.4194626,32,-0.3,32.3,18.68333333,7.233333333,22.18333333,7.233333333,257,36,11,34.91080894,89,40,72,40,12
114,114,-67.19999695,-37.3833313,256,14.6,33,33,13.4,31.8,29,10.8,28.9,36,6,22.9,24,3.2,18.3,16,0.6,14,16,0,14.6,11,0.6,17.2,10,3.7,20.7,18,7.2,24.1,41,10.8,28.7,32,13.6,31.6,33,15.42916667,16.775,50.83333333,617.3641121,33,0,33,19.33333333,7.833333333,23,7.833333333,299,41,10,41.96927685,106,37,95,37,12
115,115,-65.55000305,-37.95000076,307,14.3,32.7,42,13.2,31.4,48,10.8,28,45,5.8,22.2,21,3.1,17.4,15,0.3,13,16,0.2,13.6,13,0.3,16.2,18,3.6,19.6,28,6.7,23,52,9.9,27.4,44,13.3,30.5,32,14.85416667,16.125,49.61538462,619.1029373,32.7,0.2,32.5,21.73333333,7.933333333,22.56666667,7.266666667,374,52,13,46.39228315,135,44,122,47,12
116,116,-70.05913544,-39.2104187,818,9.9,27.1,8,9,27.1,9,7,24.2,12,3.5,18.3,18,1.5,13.4,34,-0.4,9.4,40,-0.6,9.7,29,-0.3,11.7,20,0.9,14.5,14,3.4,19.3,12,6.8,23.7,9,9,26.2,9,11.42916667,14.575,52.61732852,541.1202955,27.1,-0.6,27.7,5.5,17.11666667,18.05,4.916666667,214,40,8,60.85801362,103,26,26,89,19
117,117,-67.33000183,-43.45694351,286,12.2,27,11,11.5,26.6,14,9.3,23.4,15,5.8,18.4,16,3.1,13.6,23,0.4,9.9,23,0.2,10,17,1.2,12.7,13,3,15.5,12,5.7,19.5,12,8.7,23.1,10,11.2,25.4,12,12.39166667,12.73333333,47.51243781,539.9782543,27,0.2,26.8,6.2,17.93333333,18.98333333,5.733333333,178,23,10,29.15055688,63,33,37,53,19
118,118,-65.79166412,-41.15833282,316,13.6,28.8,15,12.9,28.1,19,10.4,24.9,24,6.4,20,18,3.8,15.2,23,0.8,11.4,19,0.7,11.6,18,1.7,14.5,14,3.4,16.8,15,6.6,20.7,22,9.7,24.7,16,12.4,27.1,18,13.59166667,13.45,47.86476868,559.0407097,28.8,0.7,28.1,13.45,8.116666667,20.48333333,6.783333333,221,24,14,17.55028364,65,47,52,51,14
119,119,-65.79166412,-41.15833282,316,13.6,28.8,15,12.9,28.1,19,10.4,24.9,24,6.4,20,18,3.8,15.2,23,0.8,11.4,19,0.7,11.6,18,1.7,14.5,14,3.4,16.8,15,6.6,20.7,22,9.7,24.7,16,12.4,27.1,18,13.59166667,13.45,47.86476868,559.0407097,28.8,0.7,28.1,13.45,8.116666667,20.48333333,6.783333333,221,24,14,17.55028364,65,47,52,51,14
120,120,-65.79166412,-41.15833282,316,13.6,28.8,15,12.9,28.1,19,10.4,24.9,24,6.4,20,18,3.8,15.2,23,0.8,11.4,19,0.7,11.6,18,1.7,14.5,14,3.4,16.8,15,6.6,20.7,22,9.7,24.7,16,12.4,27.1,18,13.59166667,13.45,47.86476868,559.0407097,28.8,0.7,28.1,13.45,8.116666667,20.48333333,6.783333333,221,24,14,17.55028364,65,47,52,51,14
121,121,-65.79166412,-41.15833282,316,13.6,28.8,15,12.9,28.1,19,10.4,24.9,24,6.4,20,18,3.8,15.2,23,0.8,11.4,19,0.7,11.6,18,1.7,14.5,14,3.4,16.8,15,6.6,20.7,22,9.7,24.7,16,12.4,27.1,18,13.59166667,13.45,47.86476868,559.0407097,28.8,0.7,28.1,13.45,8.116666667,20.48333333,6.783333333,221,24,14,17.55028364,65,47,52,51,12
122,122,-65.79166412,-41.15833282,316,13.6,28.8,15,12.9,28.1,19,10.4,24.9,24,6.4,20,18,3.8,15.2,23,0.8,11.4,19,0.7,11.6,18,1.7,14.5,14,3.4,16.8,15,6.6,20.7,22,9.7,24.7,16,12.4,27.1,18,13.59166667,13.45,47.86476868,559.0407097,28.8,0.7,28.1,13.45,8.116666667,20.48333333,6.783333333,221,24,14,17.55028364,65,47,52,51,12
123,123,-65.79166412,-41.15833282,316,13.6,28.8,15,12.9,28.1,19,10.4,24.9,24,6.4,20,18,3.8,15.2,23,0.8,11.4,19,0.7,11.6,18,1.7,14.5,14,3.4,16.8,15,6.6,20.7,22,9.7,24.7,16,12.4,27.1,18,13.59166667,13.45,47.86476868,559.0407097,28.8,0.7,28.1,13.45,8.116666667,20.48333333,6.783333333,221,24,14,17.55028364,65,47,52,51,12
124,124,-65.79166412,-41.15833282,316,13.6,28.8,15,12.9,28.1,19,10.4,24.9,24,6.4,20,18,3.8,15.2,23,0.8,11.4,19,0.7,11.6,18,1.7,14.5,14,3.4,16.8,15,6.6,20.7,22,9.7,24.7,16,12.4,27.1,18,13.59166667,13.45,47.86476868,559.0407097,28.8,0.7,28.1,13.45,8.116666667,20.48333333,6.783333333,221,24,14,17.55028364,65,47,52,51,12
125,125,-67.96347046,-32.99824142,595,17.3,33.2,40,16.4,31.8,37,14,29.1,28,8.6,23.8,10,4.8,19.4,5,2,15.4,4,0.9,16.1,5,2.8,18.7,4,6,22.5,9,9.8,25.4,16,13.8,29.6,22,16.2,31.9,34,17.0625,15.35833333,47.54901961,620.626974,33.2,0.9,32.3,24.46666667,9.316666667,24.46666667,9.316666667,214,40,4,77.39844456,111,13,111,13,12
126,126,-67.56665802,-33.4659996,508,16.9,33.9,45,16,31.8,37,13.8,29.7,30,8.3,24,11,4.4,19.7,11,1.9,15.7,5,0.5,16.8,12,2.4,18.9,8,5.4,22.7,10,9.3,25.5,31,13.8,29.7,26,15.7,31.9,42,17.02916667,15.99166667,47.87924152,618.5740873,33.9,0.5,33.4,24.36666667,9.366666667,24.36666667,9.366666667,268,45,5,64.52998024,124,25,124,25,19
127,127,-68.47219086,-32.33397293,559,18.3,33.7,29,17.2,32.2,24,14.5,29.1,19,9.5,24.3,8,5.4,19.7,4,2.2,16,5,1.4,16.1,5,3.5,19,3,6.9,22.5,7,10.8,26.3,13,14.5,30.3,16,17.2,32.9,21,17.64583333,15.05833333,46.62022704,634.842351,33.7,1.4,32.3,25.25,9.7,25.25,9.7,154,29,3,68.72527552,74,13,74,13,19
128,128,-68.47219086,-32.33397293,559,18.3,33.7,29,17.2,32.2,24,14.5,29.1,19,9.5,24.3,8,5.4,19.7,4,2.2,16,5,1.4,16.1,5,3.5,19,3,6.9,22.5,7,10.8,26.3,13,14.5,30.3,16,17.2,32.9,21,17.64583333,15.05833333,46.62022704,634.842351,33.7,1.4,32.3,25.25,9.7,25.25,9.7,154,29,3,68.72527552,74,13,74,13,14
